預估日期,星期,去年同期日期,去年同期總成交,預計成交筆數,預估銷售,早上建議,中午建議,晚上建議,全天建議人力,人力缺口
2026-04-01,Wed,2025-04-02,21,22,38522,1.5,1.5,1.5,2.25,0.75
2026-04-02,Thu,2025-04-03,22,23,41026,1.5,1.5,1.5,2.25,0.75
2026-04-03,Fri,2025-04-04,22,23,40846,1.5,1.5,2.0,2.5,1.0
2026-04-04,Sat,2025-04-05,51,53,98343,2.0,2.5,3.5,4.0,2.5
2026-04-05,Sun,2025-04-06,51,53,101198,2.0,2.5,4.0,4.25,2.75
2026-04-06,Mon,2025-04-07,21,22,38308,1.5,1.5,2.0,2.5,1.0
2026-04-07,Tue,2025-04-08,22,23,41801,1.5,1.5,1.5,2.25,0.75
2026-04-08,Wed,2025-04-09,22,23,43053,1.5,1.5,2.0,2.5,1.0
2026-04-09,Thu,2025-04-10,21,22,38836,1.5,1.5,1.5,2.25,0.75
2026-04-10,Fri,2025-04-11,20,21,35995,1.5,1.5,1.5,2.25,0.75
2026-04-11,Sat,2025-04-12,48,50,89772,2.0,2.5,3.5,4.0,2.5
2026-04-12,Sun,2025-04-13,47,49,92569,2.0,2.0,3.0,3.5,2.0
2026-04-13,Mon,2025-04-14,22,23,40091,1.5,1.5,2.0,2.5,1.0
2026-04-14,Tue,2025-04-15,21,22,38989,1.5,1.5,1.5,2.25,0.75
2026-04-15,Wed,2025-04-16,23,24,42982,1.5,1.5,1.5,2.25,0.75
2026-04-16,Thu,2025-04-17,21,22,37757,1.5,1.5,1.5,2.25,0.75
2026-04-17,Fri,2025-04-18,23,24,46100,1.5,1.5,2.0,2.5,1.0
2026-04-18,Sat,2025-04-19,44,46,81797,1.5,2.0,3.0,3.25,1.75
2026-04-19,Sun,2025-04-20,44,46,84764,2.0,2.0,3.0,3.5,2.0
2026-04-20,Mon,2025-04-21,23,24,44039,1.5,1.5,2.0,2.5,1.0
2026-04-21,Tue,2025-04-22,21,22,39881,1.5,1.5,1.5,2.25,0.75
2026-04-22,Wed,2025-04-23,20,21,38143,1.5,1.5,1.5,2.25,0.75
2026-04-23,Thu,2025-04-24,19,19,36106,1.5,1.5,1.5,2.25,0.75
2026-04-24,Fri,2025-04-25,21,22,39280,1.5,1.5,1.5,2.25,0.75
2026-04-25,Sat,2025-04-26,46,48,83390,1.5,2.0,3.5,3.5,2.0
2026-04-26,Sun,2025-04-27,52,54,99113,2.0,2.5,3.5,4.0,2.5
2026-04-27,Mon,2025-04-28,24,25,44574,1.5,1.5,2.0,2.5,1.0
2026-04-28,Tue,2025-04-29,23,24,44003,1.5,1.5,1.5,2.25,0.75
2026-04-29,Wed,2025-04-30,21,22,41105,1.5,1.5,1.5,2.25,0.75
2026-04-30,Thu,2025-05-01,45,47,84376,1.5,2.0,3.0,3.25,1.75
2026-05-01,Fri,2025-05-02,48,50,89138,2.0,2.0,3.5,3.75,2.25
2026-05-02,Sat,2025-05-03,66,69,121503,2.0,3.5,4.5,5.0,3.5
2026-05-03,Sun,2025-05-04,69,72,124324,2.0,3.5,4.5,5.0,3.5
2026-05-04,Mon,2025-05-05,48,50,89005,1.5,2.5,3.5,3.75,2.25
2026-05-05,Tue,2025-05-06,46,48,86488,1.5,2.5,3.5,3.75,2.25
2026-05-06,Wed,2025-05-07,47,49,88109,2.0,2.0,3.5,3.75,2.25
2026-05-07,Thu,2025-05-08,47,49,91619,2.0,2.5,3.0,3.75,2.25
2026-05-08,Fri,2025-05-09,52,54,99896,2.0,2.5,3.5,4.0,2.5
2026-05-09,Sat,2025-05-10,73,76,140152,2.0,3.0,5.5,5.25,3.75
2026-05-10,Sun,2025-05-11,60,63,106708,2.0,3.0,4.5,4.75,3.25
2026-05-11,Mon,2025-05-12,52,54,101668,2.0,2.5,3.5,4.0,2.5
2026-05-12,Tue,2025-05-13,45,47,80590,1.5,2.0,3.5,3.5,2.0
2026-05-13,Wed,2025-05-14,49,51,90413,2.0,2.0,3.5,3.75,2.25
2026-05-14,Thu,2025-05-15,52,54,99240,2.0,2.5,3.5,4.0,2.5
2026-05-15,Fri,2025-05-16,46,48,81582,2.0,2.5,3.0,3.75,2.25
2026-05-16,Sat,2025-05-17,66,69,124094,2.0,3.0,5.0,5.0,3.5
2026-05-17,Sun,2025-05-18,68,71,134933,2.0,3.0,5.0,5.0,3.5
2026-05-18,Mon,2025-05-19,45,47,85027,1.5,2.5,3.0,3.5,2.0
2026-05-19,Tue,2025-05-20,47,49,87012,2.0,2.0,3.5,3.75,2.25
2026-05-20,Wed,2025-05-21,42,44,80945,2.0,2.0,3.0,3.5,2.0
2026-05-21,Thu,2025-05-22,50,52,90779,1.5,2.5,4.0,4.0,2.5
2026-05-22,Fri,2025-05-23,46,48,88885,2.0,2.0,3.5,3.75,2.25
2026-05-23,Sat,2025-05-24,71,74,129965,2.0,3.5,5.0,5.25,3.75
2026-05-24,Sun,2025-05-25,72,75,129770,2.0,3.5,5.0,5.25,3.75
2026-05-25,Mon,2025-05-26,47,49,88118,1.5,2.0,3.5,3.5,2.0
2026-05-26,Tue,2025-05-27,46,48,87266,1.5,2.5,3.0,3.5,2.0
2026-05-27,Wed,2025-05-28,48,50,90964,1.5,2.5,3.5,3.75,2.25
2026-05-28,Thu,2025-05-29,48,50,87110,2.0,2.5,3.0,3.75,2.25
2026-05-29,Fri,2025-05-30,50,52,91081,1.5,2.5,4.0,4.0,2.5
2026-05-30,Sat,2025-05-31,68,71,128387,2.0,3.5,4.5,5.0,3.5
2026-05-31,Sun,2025-06-01,48,50,92449,2.0,2.5,3.0,3.75,2.25
2026-06-01,Mon,2025-06-02,21,22,41267,1.5,1.5,1.5,2.25,0.75
2026-06-02,Tue,2025-06-03,22,23,45089,1.5,1.5,2.0,2.5,1.0
2026-06-03,Wed,2025-06-04,20,21,38620,1.5,1.5,1.5,2.25,0.75
2026-06-04,Thu,2025-06-05,20,21,36455,1.5,1.5,1.5,2.25,0.75
2026-06-05,Fri,2025-06-06,22,23,41812,1.5,1.5,1.5,2.25,0.75
2026-06-06,Sat,2025-06-07,49,51,90846,1.5,2.5,3.0,3.5,2.0
2026-06-07,Sun,2025-06-08,44,46,82119,1.5,2.0,3.0,3.25,1.75
2026-06-08,Mon,2025-06-09,21,22,38583,1.5,1.5,1.5,2.25,0.75
2026-06-09,Tue,2025-06-10,25,26,47082,1.5,1.5,2.0,2.5,1.0
2026-06-10,Wed,2025-06-11,21,22,38447,1.5,1.5,1.5,2.25,0.75
2026-06-11,Thu,2025-06-12,22,23,41800,1.5,1.5,2.0,2.5,1.0
2026-06-12,Fri,2025-06-13,21,22,39945,1.5,1.5,1.5,2.25,0.75
2026-06-13,Sat,2025-06-14,46,48,84129,2.0,2.5,3.0,3.75,2.25
2026-06-14,Sun,2025-06-15,47,49,88725,2.0,2.0,3.0,3.5,2.0
2026-06-15,Mon,2025-06-16,21,22,40980,1.5,1.5,1.5,2.25,0.75
2026-06-16,Tue,2025-06-17,20,21,36942,1.5,1.5,1.5,2.25,0.75
2026-06-17,Wed,2025-06-18,22,23,41364,1.5,1.5,1.5,2.25,0.75
2026-06-18,Thu,2025-06-19,21,22,42578,1.5,1.5,1.5,2.25,0.75
2026-06-19,Fri,2025-06-20,20,21,36975,1.5,1.5,1.5,2.25,0.75
2026-06-20,Sat,2025-06-21,43,45,82997,1.5,2.5,3.0,3.5,2.0
2026-06-21,Sun,2025-06-22,49,51,97049,1.5,2.0,4.0,3.75,2.25
2026-06-22,Mon,2025-06-23,20,21,37858,1.5,1.5,1.5,2.25,0.75
2026-06-23,Tue,2025-06-24,21,22,38397,1.5,1.5,1.5,2.25,0.75
2026-06-24,Wed,2025-06-25,23,24,43793,1.5,1.5,2.0,2.5,1.0
2026-06-25,Thu,2025-06-26,21,22,37809,1.5,1.5,1.5,2.25,0.75
2026-06-26,Fri,2025-06-27,20,21,38233,1.5,1.5,1.5,2.25,0.75
2026-06-27,Sat,2025-06-28,46,48,85744,1.5,2.0,3.5,3.5,2.0
2026-06-28,Sun,2025-06-29,48,50,93690,1.5,2.5,3.5,3.75,2.25
2026-06-29,Mon,2025-06-30,21,22,38607,1.5,1.5,1.5,2.25,0.75
2026-06-30,Tue,2025-07-01,26,27,48891,1.5,1.5,2.0,2.5,1.0
